char_count,word_count,avg_word_len,sentences,punctuation_ratio,uppercase_ratio,digit_ratio,unique_ratio,stop_ratio,disfluency_per_word,typo_like_per_word,newline_ratio,true_mode,pred_mode
362,63,4.650793650793651,2.0,0.019337016574585635,0.024861878453038673,0.0,0.7301587301587301,0.5238095238095238,0.015873015873015872,0.0,0.0,human_original,llm_humanized
434,66,5.484848484848484,2.0,0.016129032258064516,0.004608294930875576,0.0,0.7424242424242424,0.48484848484848486,0.0,0.0,0.0,llm_generated,llm_generated
404,68,4.794117647058823,3.0,0.027227722772277228,0.007425742574257425,0.0,0.8235294117647058,0.4264705882352941,0.029411764705882353,0.0,0.0,llm_humanized,llm_humanized
748,108,5.75,4.0,0.029411764705882353,0.01871657754010695,0.0,0.6481481481481481,0.42592592592592593,0.009259259259259259,0.0,0.0,human_polished,llm_generated
663,111,4.873873873873874,4.0,0.0196078431372549,0.021116138763197588,0.0,0.6846846846846847,0.4774774774774775,0.009009009009009009,0.0,0.0,dictated_spoken,llm_generated
360,63,4.650793650793651,2.0,0.019444444444444445,0.025,0.0,0.746031746031746,0.5238095238095238,0.015873015873015872,0.0,0.0,keyboard_noisy,llm_humanized
403,65,4.969230769230769,1.0,0.03225806451612903,0.034739454094292806,0.0,0.6461538461538462,0.4,0.1076923076923077,0.0,0.0,human_original,dictated_spoken
323,53,4.943396226415095,2.0,0.030959752321981424,0.018575851393188854,0.006191950464396285,0.7924528301886793,0.41509433962264153,0.018867924528301886,0.0,0.0,llm_generated,llm_humanized
308,53,4.69811320754717,2.0,0.022727272727272728,0.01948051948051948,0.006493506493506494,0.8113207547169812,0.41509433962264153,0.018867924528301886,0.0,0.0,llm_humanized,llm_humanized
357,62,4.661290322580645,2.0,0.022408963585434174,0.01680672268907563,0.0056022408963585435,0.6774193548387096,0.5,0.04838709677419355,0.0,0.0,human_polished,dictated_spoken
339,57,4.842105263157895,2.0,0.02359882005899705,0.017699115044247787,0.0058997050147492625,0.8421052631578947,0.38596491228070173,0.017543859649122806,0.0,0.0,dictated_spoken,llm_humanized
400,65,4.969230769230769,1.0,0.0325,0.035,0.0,0.676923076923077,0.4,0.1076923076923077,0.0,0.0,keyboard_noisy,dictated_spoken
529,84,5.130952380952381,3.0,0.020793950850661626,0.005671077504725898,0.0,0.6666666666666666,0.47619047619047616,0.011904761904761904,0.0,0.0,human_original,llm_generated
451,68,5.485294117647059,3.0,0.024390243902439025,0.037694013303769404,0.026607538802660754,0.7941176470588235,0.38235294117647056,0.0,0.0,0.0,llm_generated,llm_generated
335,61,4.360655737704918,2.0,0.026865671641791045,0.03582089552238806,0.01791044776119403,0.819672131147541,0.5081967213114754,0.03278688524590164,0.0,0.0,llm_humanized,dictated_spoken
601,103,4.689320388349515,5.0,0.03161397670549085,0.024958402662229616,0.0,0.7766990291262136,0.5339805825242718,0.019417475728155338,0.0,0.0,human_polished,llm_humanized
514,97,4.164948453608248,5.0,0.029182879377431907,0.029182879377431907,0.0,0.7319587628865979,0.5360824742268041,0.041237113402061855,0.0,0.0,dictated_spoken,dictated_spoken
522,84,5.119047619047619,3.0,0.0210727969348659,0.005747126436781609,0.0,0.6785714285714286,0.44047619047619047,0.023809523809523808,0.011904761904761904,0.0,keyboard_noisy,llm_generated
352,60,4.683333333333334,1.0,0.028409090909090908,0.011363636363636364,0.0,0.7,0.5166666666666667,0.016666666666666666,0.0,0.0,human_original,llm_generated
788,132,4.871212121212121,5.0,0.01903553299492386,0.01015228426395939,0.0025380710659898475,0.6439393939393939,0.5,0.0,0.0,0.0,llm_generated,llm_generated
740,140,4.207142857142857,5.0,0.01756756756756757,0.010810810810810811,0.002702702702702703,0.6857142857142857,0.55,0.007142857142857143,0.0,0.0,llm_humanized,dictated_spoken
520,93,4.505376344086022,3.0,0.019230769230769232,0.0057692307692307696,0.0038461538461538464,0.6559139784946236,0.5376344086021505,0.0,0.0,0.0,human_polished,llm_generated
510,103,3.8932038834951457,3.0,0.013725490196078431,0.0058823529411764705,0.00392156862745098,0.6601941747572816,0.6019417475728155,0.009708737864077669,0.0,0.0,dictated_spoken,dictated_spoken
350,60,4.666666666666667,1.0,0.02857142857142857,0.011428571428571429,0.0,0.7166666666666667,0.48333333333333334,0.0,0.03333333333333333,0.0,keyboard_noisy,keyboard_noisy
500,72,5.805555555555555,3.0,0.02,0.03,0.008,0.7638888888888888,0.375,0.0,0.013888888888888888,0.0,human_original,llm_generated
769,111,5.72972972972973,6.0,0.02990897269180754,0.007802340702210663,0.0,0.8198198198198198,0.40540540540540543,0.018018018018018018,0.0,0.0,llm_generated,llm_generated
692,109,5.165137614678899,7.0,0.030346820809248554,0.01300578034682081,0.0,0.8073394495412844,0.47706422018348627,0.009174311926605505,0.0,0.0,llm_humanized,llm_generated
692,108,5.2407407407407405,7.0,0.02745664739884393,0.01300578034682081,0.0,0.7685185185185185,0.46296296296296297,0.009259259259259259,0.0,0.0,human_polished,llm_generated
661,119,4.420168067226891,6.0,0.025718608169440244,0.012102874432677761,0.0,0.7058823529411765,0.5210084033613446,0.03361344537815126,0.0,0.0,dictated_spoken,llm_humanized
497,72,5.791666666666667,3.0,0.02012072434607646,0.030181086519114688,0.008048289738430584,0.7916666666666666,0.3472222222222222,0.0,0.013888888888888888,0.0,keyboard_noisy,llm_generated
358,60,4.716666666666667,1.0,0.0335195530726257,0.0111731843575419,0.0,0.7666666666666667,0.4666666666666667,0.03333333333333333,0.0,0.0,human_original,llm_humanized
629,97,5.391752577319588,5.0,0.017488076311605722,0.00794912559618442,0.003179650238473768,0.6907216494845361,0.4639175257731959,0.0,0.0,0.0,llm_generated,llm_generated
527,89,4.842696629213483,5.0,0.017077798861480076,0.009487666034155597,0.003795066413662239,0.797752808988764,0.4943820224719101,0.011235955056179775,0.0,0.0,llm_humanized,llm_generated
411,65,5.2,6.0,0.021897810218978103,0.021897810218978103,0.0,0.7692307692307693,0.47692307692307695,0.0,0.0,0.0,human_polished,human_polished
390,71,4.338028169014085,4.0,0.03076923076923077,0.017948717948717947,0.0,0.7464788732394366,0.5070422535211268,0.0,0.0,0.0,dictated_spoken,llm_humanized
351,60,4.716666666666667,1.0,0.03418803418803419,0.011396011396011397,0.0,0.7666666666666667,0.4666666666666667,0.03333333333333333,0.0,0.0,keyboard_noisy,llm_humanized
423,69,5.043478260869565,3.0,0.018912529550827423,0.04491725768321513,0.0,0.5362318840579711,0.4927536231884058,0.014492753623188406,0.0,0.0,human_original,human_original
373,60,5.116666666666666,5.0,0.02680965147453083,0.029490616621983913,0.0,0.65,0.45,0.016666666666666666,0.0,0.0,llm_generated,human_original
309,55,4.545454545454546,2.0,0.022653721682847898,0.019417475728155338,0.0,0.7636363636363637,0.5636363636363636,0.0,0.0,0.0,llm_humanized,human_polished
425,69,5.072463768115942,3.0,0.021176470588235293,0.04,0.0,0.5797101449275363,0.4927536231884058,0.014492753623188406,0.0,0.0,human_polished,human_original
348,64,4.328125,5.0,0.031609195402298854,0.04310344827586207,0.0,0.671875,0.546875,0.0,0.0,0.0,dictated_spoken,human_original
419,69,5.028985507246377,3.0,0.01909307875894988,0.045346062052505964,0.0,0.5942028985507246,0.4782608695652174,0.014492753623188406,0.0,0.0,keyboard_noisy,human_original
534,92,4.630434782608695,4.0,0.03932584269662921,0.026217228464419477,0.0149812734082397,0.7065217391304348,0.4673913043478261,0.010869565217391304,0.021739130434782608,0.0,human_original,keyboard_noisy
554,102,4.323529411764706,8.0,0.03429602888086643,0.030685920577617327,0.0,0.6764705882352942,0.47058823529411764,0.0,0.0,0.0,llm_generated,keyboard_noisy
488,94,4.095744680851064,8.0,0.03278688524590164,0.03483606557377049,0.0,0.7659574468085106,0.5106382978723404,0.0,0.0,0.0,llm_humanized,llm_humanized
584,97,4.855670103092783,6.0,0.0410958904109589,0.03424657534246575,0.0136986301369863,0.7422680412371134,0.41237113402061853,0.0,0.020618556701030927,0.0,human_polished,keyboard_noisy
529,96,4.385416666666667,6.0,0.034026465028355386,0.034026465028355386,0.015122873345935728,0.75,0.4791666666666667,0.0,0.020833333333333332,0.0,dictated_spoken,keyboard_noisy
531,92,4.630434782608695,4.0,0.03954802259887006,0.026365348399246705,0.015065913370998116,0.717391304347826,0.44565217391304346,0.0,0.03260869565217391,0.0,keyboard_noisy,keyboard_noisy
547,78,5.769230769230769,2.0,0.03656307129798903,0.03290676416819013,0.0,0.6410256410256411,0.4230769230769231,0.0,0.0,0.0,human_original,llm_generated
607,89,5.696629213483146,4.0,0.019769357495881382,0.016474464579901153,0.0,0.7191011235955056,0.4606741573033708,0.0,0.011235955056179775,0.0,llm_generated,llm_generated
587,98,4.836734693877551,4.0,0.027257240204429302,0.018739352640545145,0.0,0.7142857142857143,0.47959183673469385,0.030612244897959183,0.0,0.0,llm_humanized,llm_generated
515,76,5.552631578947368,2.0,0.03495145631067961,0.03495145631067961,0.0,0.6710526315789473,0.42105263157894735,0.0,0.0,0.0,human_polished,llm_generated
459,76,4.907894736842105,4.0,0.023965141612200435,0.023965141612200435,0.0,0.6973684210526315,0.47368421052631576,0.013157894736842105,0.0,0.0,dictated_spoken,llm_generated
544,78,5.743589743589744,2.0,0.03676470588235294,0.03308823529411765,0.0,0.6923076923076923,0.4230769230769231,0.0,0.0,0.0,keyboard_noisy,llm_generated
437,77,4.623376623376624,2.0,0.011441647597254004,0.04576659038901602,0.02745995423340961,0.6103896103896104,0.4805194805194805,0.0,0.03896103896103896,0.0,human_original,keyboard_noisy
493,80,5.0625,3.0,0.02231237322515213,0.04462474645030426,0.016227180527383367,0.7125,0.3875,0.0,0.025,0.0,llm_generated,keyboard_noisy
465,83,4.518072289156627,3.0,0.017204301075268817,0.04516129032258064,0.017204301075268817,0.7228915662650602,0.43373493975903615,0.03614457831325301,0.024096385542168676,0.0,llm_humanized,dictated_spoken
446,79,4.594936708860759,2.0,0.01569506726457399,0.04484304932735426,0.026905829596412557,0.6329113924050633,0.45569620253164556,0.012658227848101266,0.0379746835443038,0.0,human_polished,keyboard_noisy
459,83,4.433734939759036,3.0,0.0196078431372549,0.0392156862745098,0.026143790849673203,0.7228915662650602,0.5060240963855421,0.024096385542168676,0.03614457831325301,0.0,dictated_spoken,dictated_spoken
436,77,4.623376623376624,2.0,0.011467889908256881,0.045871559633027525,0.027522935779816515,0.6233766233766234,0.4675324675324675,0.0,0.03896103896103896,0.0,keyboard_noisy,keyboard_noisy
350,60,4.733333333333333,2.0,0.017142857142857144,0.025714285714285714,0.0,0.6666666666666666,0.45,0.0,0.0,0.0,human_original,llm_generated
328,56,4.821428571428571,2.0,0.009146341463414634,0.01524390243902439,0.0,0.8214285714285714,0.44642857142857145,0.017857142857142856,0.0,0.0,llm_generated,llm_humanized
332,62,4.274193548387097,2.0,0.018072289156626505,0.015060240963855422,0.0,0.7741935483870968,0.5483870967741935,0.0,0.0,0.0,llm_humanized,llm_humanized
333,58,4.672413793103448,2.0,0.015015015015015015,0.021021021021021023,0.0,0.7758620689655172,0.4482758620689655,0.017241379310344827,0.0,0.0,human_polished,llm_humanized
292,60,3.8333333333333335,2.0,0.010273972602739725,0.017123287671232876,0.0,0.7833333333333333,0.5666666666666667,0.0,0.0,0.0,dictated_spoken,llm_humanized
347,60,4.716666666666667,2.0,0.01729106628242075,0.025936599423631124,0.0,0.6833333333333333,0.38333333333333336,0.0,0.016666666666666666,0.0,keyboard_noisy,keyboard_noisy
426,75,4.573333333333333,1.0,0.01643192488262911,0.007042253521126761,0.0,0.6133333333333333,0.5466666666666666,0.013333333333333334,0.0,0.0,human_original,dictated_spoken
424,71,4.859154929577465,2.0,0.025943396226415096,0.009433962264150943,0.0,0.7323943661971831,0.4225352112676056,0.0,0.0,0.0,llm_generated,llm_generated
345,62,4.435483870967742,4.0,0.028985507246376812,0.011594202898550725,0.0,0.8387096774193549,0.5,0.016129032258064516,0.0,0.0,llm_humanized,llm_humanized
331,56,4.839285714285714,2.0,0.01812688821752266,0.012084592145015106,0.0,0.7678571428571429,0.48214285714285715,0.0,0.0,0.0,human_polished,llm_generated
349,74,3.6486486486486487,2.0,0.017191977077363897,0.0057306590257879654,0.0,0.6756756756756757,0.5540540540540541,0.0,0.0,0.0,dictated_spoken,dictated_spoken
425,75,4.573333333333333,1.0,0.01647058823529412,0.007058823529411765,0.0,0.6266666666666667,0.5466666666666666,0.013333333333333334,0.0,0.0,keyboard_noisy,dictated_spoken
373,62,4.82258064516129,4.0,0.024128686327077747,0.03485254691689008,0.058981233243967826,0.6935483870967742,0.4032258064516129,0.0,0.06451612903225806,0.0,human_original,keyboard_noisy
310,51,5.0588235294117645,2.0,0.0064516129032258064,0.01935483870967742,0.0,0.7058823529411765,0.49019607843137253,0.0,0.0,0.0,llm_generated,llm_generated
280,50,4.56,2.0,0.010714285714285714,0.02142857142857143,0.0,0.9,0.56,0.0,0.0,0.0,llm_humanized,llm_humanized
343,55,5.090909090909091,3.0,0.02040816326530612,0.029154518950437316,0.029154518950437316,0.7454545454545455,0.4727272727272727,0.0,0.03636363636363636,0.0,human_polished,llm_generated
357,65,4.415384615384616,3.0,0.01680672268907563,0.022408963585434174,0.022408963585434174,0.7230769230769231,0.5692307692307692,0.015384615384615385,0.03076923076923077,0.0,dictated_spoken,human_original
370,62,4.790322580645161,4.0,0.024324324324324326,0.03513513513513514,0.05945945945945946,0.7258064516129032,0.4032258064516129,0.0,0.06451612903225806,0.0,keyboard_noisy,keyboard_noisy
407,66,5.03030303030303,4.0,0.03194103194103194,0.019656019656019656,0.02457002457002457,0.7272727272727273,0.36363636363636365,0.0,0.015151515151515152,0.0,human_original,llm_generated
493,80,5.1,4.0,0.016227180527383367,0.02028397565922921,0.018255578093306288,0.675,0.3625,0.0,0.0125,0.0,llm_generated,llm_generated
457,81,4.555555555555555,5.0,0.02188183807439825,0.019693654266958426,0.015317286652078774,0.7777777777777778,0.41975308641975306,0.0,0.012345679012345678,0.0,llm_humanized,keyboard_noisy
415,64,5.40625,4.0,0.021686746987951807,0.01927710843373494,0.024096385542168676,0.75,0.328125,0.0,0.015625,0.0,human_polished,llm_generated
421,74,4.594594594594595,5.0,0.026128266033254157,0.026128266033254157,0.026128266033254157,0.7567567567567568,0.4189189189189189,0.0,0.013513513513513514,0.0,dictated_spoken,keyboard_noisy
406,66,5.015151515151516,4.0,0.03201970443349754,0.019704433497536946,0.024630541871921183,0.7424242424242424,0.36363636363636365,0.0,0.015151515151515152,0.0,keyboard_noisy,llm_generated
555,99,4.484848484848484,11.0,0.03783783783783784,0.06666666666666667,0.0,0.5454545454545454,0.48484848484848486,0.0,0.0,0.0,human_original,human_original
501,81,5.061728395061729,5.0,0.023952095808383235,0.041916167664670656,0.0,0.6172839506172839,0.4691358024691358,0.0,0.0,0.0,llm_generated,human_original
416,76,4.315789473684211,6.0,0.036057692307692304,0.05048076923076923,0.0,0.6447368421052632,0.5921052631578947,0.013157894736842105,0.0,0.0,llm_humanized,human_original
575,101,4.534653465346534,11.0,0.04,0.06260869565217392,0.0,0.5841584158415841,0.49504950495049505,0.0,0.0,0.0,human_polished,human_original
521,96,4.270833333333333,7.0,0.04030710172744722,0.04990403071017274,0.0,0.6770833333333334,0.53125,0.0,0.0,0.0,dictated_spoken,human_original
554,99,4.484848484848484,11.0,0.03790613718411552,0.06678700361010831,0.0,0.5757575757575758,0.46464646464646464,0.0,0.0,0.0,keyboard_noisy,human_original
475,72,5.430555555555555,2.0,0.02526315789473684,0.037894736842105266,0.023157894736842106,0.6805555555555556,0.3472222222222222,0.013888888888888888,0.0,0.0,human_original,llm_generated
528,77,5.688311688311688,3.0,0.030303030303030304,0.03977272727272727,0.020833333333333332,0.7272727272727273,0.2857142857142857,0.03896103896103896,0.0,0.0,llm_generated,llm_generated
476,78,5.012820512820513,3.0,0.02100840336134454,0.03361344537815126,0.023109243697478993,0.7564102564102564,0.3717948717948718,0.07692307692307693,0.0,0.0,llm_humanized,llm_generated
480,71,5.591549295774648,3.0,0.03125,0.03958333333333333,0.022916666666666665,0.704225352112676,0.323943661971831,0.014084507042253521,0.0,0.0,human_polished,llm_generated
523,83,5.132530120481928,3.0,0.032504780114722756,0.036328871892925434,0.021032504780114723,0.7108433734939759,0.39759036144578314,0.060240963855421686,0.0,0.0,dictated_spoken,llm_generated
469,72,5.402777777777778,2.0,0.0255863539445629,0.03837953091684435,0.023454157782515993,0.6944444444444444,0.3472222222222222,0.013888888888888888,0.0,0.0,keyboard_noisy,llm_generated
453,72,5.152777777777778,2.0,0.02207505518763797,0.019867549668874173,0.0,0.7916666666666666,0.4583333333333333,0.0,0.0,0.0,human_original,llm_generated
509,79,5.2784810126582276,4.0,0.0275049115913556,0.029469548133595286,0.0,0.7468354430379747,0.43037974683544306,0.0,0.0,0.0,llm_generated,llm_generated
463,80,4.6125,4.0,0.032397408207343416,0.023758099352051837,0.0,0.7875,0.4875,0.0,0.0,0.0,llm_humanized,human_polished
461,73,5.205479452054795,2.0,0.02386117136659436,0.019522776572668113,0.0,0.7945205479452054,0.4520547945205479,0.0,0.0,0.0,human_polished,llm_generated
495,87,4.528735632183908,4.0,0.030303030303030304,0.022222222222222223,0.0,0.7586206896551724,0.5287356321839081,0.011494252873563218,0.0,0.0,dictated_spoken,llm_humanized
448,72,5.125,2.0,0.022321428571428572,0.020089285714285716,0.0,0.8055555555555556,0.4583333333333333,0.0,0.0,0.0,keyboard_noisy,llm_generated
384,63,5.031746031746032,2.0,0.018229166666666668,0.005208333333333333,0.0,0.6825396825396826,0.42857142857142855,0.0,0.0,0.0,human_original,llm_generated
442,68,5.4411764705882355,3.0,0.01809954751131222,0.006787330316742082,0.0,0.7941176470588235,0.39705882352941174,0.0,0.0,0.0,llm_generated,llm_generated
398,68,4.794117647058823,3.0,0.020100502512562814,0.007537688442211055,0.0,0.7647058823529411,0.5,0.0,0.0,0.0,llm_humanized,llm_generated
413,64,5.375,3.0,0.021791767554479417,0.007263922518159807,0.0,0.734375,0.421875,0.0,0.0,0.0,human_polished,llm_generated
382,67,4.597014925373134,2.0,0.028795811518324606,0.005235602094240838,0.0,0.7611940298507462,0.5074626865671642,0.0,0.0,0.0,dictated_spoken,llm_humanized
383,63,5.031746031746032,2.0,0.018276762402088774,0.005221932114882507,0.0,0.7301587301587301,0.42857142857142855,0.0,0.0,0.0,keyboard_noisy,llm_generated
363,59,4.983050847457627,1.0,0.027548209366391185,0.07713498622589532,0.01652892561983471,0.6779661016949152,0.3389830508474576,0.0,0.01694915254237288,0.0,human_original,keyboard_noisy
158,28,4.571428571428571,1.0,0.0189873417721519,0.056962025316455694,0.03164556962025317,0.8928571428571429,0.39285714285714285,0.0,0.03571428571428571,0.0,llm_generated,llm_humanized
160,29,4.413793103448276,3.0,0.03125,0.05,0.03125,0.8620689655172413,0.3448275862068966,0.0,0.034482758620689655,0.0,llm_humanized,keyboard_noisy
357,59,4.898305084745763,1.0,0.028011204481792718,0.0700280112044818,0.01680672268907563,0.7288135593220338,0.3898305084745763,0.0,0.01694915254237288,0.0,human_polished,keyboard_noisy
328,58,4.5,5.0,0.03353658536585366,0.06402439024390244,0.018292682926829267,0.7068965517241379,0.43103448275862066,0.0,0.017241379310344827,0.0,dictated_spoken,keyboard_noisy
362,59,4.983050847457627,1.0,0.027624309392265192,0.07734806629834254,0.016574585635359115,0.6949152542372882,0.3389830508474576,0.0,0.01694915254237288,0.0,keyboard_noisy,keyboard_noisy
541,99,4.3232323232323235,5.0,0.033271719038817,0.033271719038817,0.08687615526802218,0.6060606060606061,0.3838383838383838,0.0,0.04040404040404041,0.0,human_original,human_original
265,44,4.909090909090909,4.0,0.026415094339622643,0.052830188679245285,0.03018867924528302,0.8181818181818182,0.38636363636363635,0.0,0.022727272727272728,0.0,llm_generated,keyboard_noisy
239,43,4.4186046511627906,4.0,0.03347280334728033,0.0502092050209205,0.03347280334728033,0.8837209302325582,0.5116279069767442,0.0,0.023255813953488372,0.0,llm_humanized,dictated_spoken
519,95,4.28421052631579,7.0,0.046242774566473986,0.04816955684007707,0.07514450867052024,0.6210526315789474,0.37894736842105264,0.0,0.021052631578947368,0.0,human_polished,human_original
495,95,4.11578947368421,7.0,0.03232323232323232,0.030303030303030304,0.05454545454545454,0.7052631578947368,0.49473684210526314,0.010526315789473684,0.021052631578947368,0.0,dictated_spoken,human_original
537,99,4.3232323232323235,5.0,0.0335195530726257,0.0335195530726257,0.08752327746741155,0.6262626262626263,0.3838383838383838,0.0,0.04040404040404041,0.0,keyboard_noisy,human_original
1192,225,4.115555555555556,12.0,0.03691275167785235,0.015939597315436243,0.0008389261744966443,0.6044444444444445,0.5466666666666666,0.0044444444444444444,0.0,0.0,human_original,dictated_spoken
691,106,5.415094339622642,6.0,0.017366136034732273,0.008683068017366137,0.0,0.7547169811320755,0.44339622641509435,0.009433962264150943,0.0,0.0,llm_generated,llm_generated
538,98,4.346938775510204,6.0,0.027881040892193308,0.011152416356877323,0.0,0.8163265306122449,0.4897959183673469,0.02040816326530612,0.0,0.0,llm_humanized,llm_humanized
900,164,4.371951219512195,7.0,0.034444444444444444,0.012222222222222223,0.0,0.6829268292682927,0.5121951219512195,0.0,0.0,0.0,human_polished,llm_humanized
951,191,3.8534031413612566,10.0,0.026288117770767613,0.014721345951629864,0.0,0.6282722513089005,0.5392670157068062,0.010471204188481676,0.0,0.0,dictated_spoken,dictated_spoken
1184,225,4.102222222222222,12.0,0.037162162162162164,0.016047297297297296,0.0008445945945945946,0.6355555555555555,0.5288888888888889,0.0044444444444444444,0.0,0.0,keyboard_noisy,dictated_spoken
463,83,4.469879518072289,4.0,0.023758099352051837,0.019438444924406047,0.0,0.6144578313253012,0.5662650602409639,0.012048192771084338,0.0,0.0,human_original,human_original
580,102,4.578431372549019,4.0,0.02586206896551724,0.02413793103448276,0.0034482758620689655,0.6470588235294118,0.5294117647058824,0.0,0.0,0.0,llm_generated,human_original
544,108,3.9537037037037037,4.0,0.01838235294117647,0.016544117647058824,0.003676470588235294,0.6851851851851852,0.5740740740740741,0.009259259259259259,0.0,0.0,llm_humanized,dictated_spoken
459,81,4.567901234567901,3.0,0.0196078431372549,0.017429193899782137,0.0,0.6049382716049383,0.5925925925925926,0.0,0.0,0.0,human_polished,human_original
486,102,3.6470588235294117,4.0,0.026748971193415638,0.018518518518518517,0.00411522633744856,0.5980392156862745,0.6078431372549019,0.0,0.0,0.0,dictated_spoken,dictated_spoken
462,83,4.457831325301205,4.0,0.023809523809523808,0.01948051948051948,0.0,0.6385542168674698,0.5421686746987951,0.012048192771084338,0.0,0.0,keyboard_noisy,human_original
384,69,4.3768115942028984,3.0,0.041666666666666664,0.044270833333333336,0.0,0.6956521739130435,0.4492753623188406,0.0,0.0,0.0,human_original,keyboard_noisy
691,105,5.428571428571429,3.0,0.02894356005788712,0.030390738060781478,0.0,0.6761904761904762,0.4,0.009523809523809525,0.0,0.0,llm_generated,llm_generated
571,107,4.205607476635514,4.0,0.028021015761821366,0.024518388791593695,0.0,0.7850467289719626,0.42990654205607476,0.018691588785046728,0.0,0.0,llm_humanized,llm_humanized
488,85,4.576470588235294,3.0,0.040983606557377046,0.020491803278688523,0.0,0.8117647058823529,0.47058823529411764,0.0,0.0,0.0,human_polished,llm_humanized
463,92,3.9347826086956523,3.0,0.02591792656587473,0.023758099352051837,0.0,0.7282608695652174,0.5108695652173914,0.021739130434782608,0.0,0.0,dictated_spoken,dictated_spoken
381,69,4.3768115942028984,3.0,0.04199475065616798,0.04461942257217848,0.0,0.7246376811594203,0.42028985507246375,0.0,0.0,0.0,keyboard_noisy,keyboard_noisy
1194,233,3.8969957081545066,21.0,0.046063651591289785,0.011725293132328308,0.048576214405360134,0.5407725321888412,0.4248927038626609,0.02145922746781116,0.017167381974248927,0.0,human_original,keyboard_noisy
795,138,4.5144927536231885,4.0,0.031446540880503145,0.007547169811320755,0.0037735849056603774,0.5217391304347826,0.47101449275362317,0.021739130434782608,0.0,0.0,llm_generated,human_original
682,129,4.046511627906977,5.0,0.03225806451612903,0.010263929618768328,0.002932551319648094,0.5813953488372093,0.49612403100775193,0.023255813953488372,0.0,0.0,llm_humanized,dictated_spoken
888,155,4.483870967741935,8.0,0.038288288288288286,0.009009009009009009,0.0022522522522522522,0.5806451612903226,0.45161290322580644,0.01935483870967742,0.0,0.0,human_polished,human_original
872,170,4.047058823529412,7.0,0.017201834862385322,0.009174311926605505,0.0,0.5470588235294118,0.5411764705882353,0.029411764705882353,0.0,0.0,dictated_spoken,dictated_spoken
1191,233,3.88412017167382,21.0,0.04617968094038623,0.011754827875734676,0.04869857262804366,0.5622317596566524,0.40772532188841204,0.02145922746781116,0.02145922746781116,0.0,keyboard_noisy,keyboard_noisy
483,95,3.873684210526316,8.0,0.055900621118012424,0.041407867494824016,0.018633540372670808,0.6736842105263158,0.5473684210526316,0.0,0.0,0.0,human_original,human_original
501,89,4.51685393258427,4.0,0.031936127744510975,0.043912175648702596,0.023952095808383235,0.6179775280898876,0.47191011235955055,0.0,0.0,0.0,llm_generated,human_original
451,88,4.0,4.0,0.04212860310421286,0.03547671840354767,0.019955654101995565,0.6704545454545454,0.48863636363636365,0.0,0.0,0.0,llm_humanized,human_original
465,86,4.244186046511628,5.0,0.04086021505376344,0.030107526881720432,0.01935483870967742,0.7674418604651163,0.5697674418604651,0.0,0.0,0.0,human_polished,human_polished
439,92,3.641304347826087,4.0,0.04328018223234624,0.03189066059225513,0.01366742596810934,0.6847826086956522,0.5760869565217391,0.021739130434782608,0.021739130434782608,0.0,dictated_spoken,dictated_spoken
480,95,3.863157894736842,8.0,0.05625,0.041666666666666664,0.01875,0.6736842105263158,0.5368421052631579,0.0,0.0,0.0,keyboard_noisy,human_original
1144,190,4.747368421052632,7.0,0.025349650349650348,0.021853146853146852,0.016608391608391608,0.5157894736842106,0.45789473684210524,0.0,0.015789473684210527,0.0,human_original,llm_generated
363,57,5.228070175438597,4.0,0.027548209366391185,0.013774104683195593,0.02203856749311295,0.8421052631578947,0.38596491228070173,0.0,0.017543859649122806,0.0,llm_generated,llm_generated
231,42,4.357142857142857,3.0,0.030303030303030304,0.012987012987012988,0.03463203463203463,0.8333333333333334,0.47619047619047616,0.023809523809523808,0.023809523809523808,0.0,llm_humanized,llm_humanized
580,97,4.845360824742268,7.0,0.027586206896551724,0.013793103448275862,0.020689655172413793,0.7010309278350515,0.4639175257731959,0.0,0.010309278350515464,0.0,human_polished,human_polished
481,90,4.211111111111111,5.0,0.031185031185031187,0.012474012474012475,0.02494802494802495,0.7222222222222222,0.5333333333333333,0.022222222222222223,0.022222222222222223,0.0,dictated_spoken,dictated_spoken
1121,190,4.742105263157895,7.0,0.025869759143621766,0.02230151650312221,0.01694915254237288,0.5578947368421052,0.4473684210526316,0.0,0.015789473684210527,0.0,keyboard_noisy,llm_generated
1104,205,4.239024390243903,13.0,0.034420289855072464,0.04528985507246377,0.005434782608695652,0.5853658536585366,0.5170731707317073,0.004878048780487805,0.004878048780487805,0.0,human_original,keyboard_noisy
741,121,4.983471074380165,6.0,0.02564102564102564,0.03508771929824561,0.005398110661268556,0.5867768595041323,0.4628099173553719,0.03305785123966942,0.0,0.0,llm_generated,human_original
671,129,4.093023255813954,6.0,0.022354694485842028,0.029806259314456036,0.005961251862891207,0.6666666666666666,0.5426356589147286,0.0,0.0,0.0,llm_humanized,dictated_spoken
1039,172,4.901162790697675,10.0,0.02598652550529355,0.03946102021174206,0.0038498556304138597,0.6046511627906976,0.4883720930232558,0.01744186046511628,0.0,0.0,human_polished,human_original
934,178,4.117977528089888,9.0,0.033190578158458245,0.033190578158458245,0.004282655246252677,0.5730337078651685,0.5280898876404494,0.0056179775280898875,0.0,0.0,dictated_spoken,dictated_spoken
1099,205,4.219512195121951,13.0,0.034576888080072796,0.04549590536851683,0.00545950864422202,0.6048780487804878,0.4975609756097561,0.004878048780487805,0.00975609756097561,0.0,keyboard_noisy,keyboard_noisy
951,167,4.526946107784431,17.0,0.031545741324921134,0.019978969505783387,0.0,0.6287425149700598,0.562874251497006,0.0,0.0,0.0,human_original,human_original
714,105,5.685714285714286,5.0,0.022408963585434174,0.012605042016806723,0.0,0.8095238095238095,0.3904761904761905,0.009523809523809525,0.0,0.0,llm_generated,llm_generated
671,117,4.6239316239316235,5.0,0.02384500745156483,0.014903129657228018,0.0,0.7777777777777778,0.49572649572649574,0.008547008547008548,0.0,0.0,llm_humanized,llm_humanized
896,150,4.8533333333333335,9.0,0.022321428571428572,0.016741071428571428,0.0,0.66,0.5,0.0,0.0,0.0,human_polished,human_polished
895,164,4.317073170731708,8.0,0.02905027932960894,0.01675977653631285,0.0,0.6524390243902439,0.5792682926829268,0.018292682926829267,0.0,0.0,dictated_spoken,dictated_spoken
950,167,4.526946107784431,17.0,0.031578947368421054,0.02,0.0,0.6347305389221557,0.5508982035928144,0.0,0.0,0.0,keyboard_noisy,human_original
496,96,4.114583333333333,4.0,0.014112903225806451,0.020161290322580645,0.0,0.7083333333333334,0.53125,0.03125,0.0,0.0,human_original,dictated_spoken
630,100,5.21,6.0,0.015873015873015872,0.022222222222222223,0.0,0.76,0.43,0.01,0.0,0.0,llm_generated,llm_generated
582,116,3.896551724137931,5.0,0.027491408934707903,0.018900343642611683,0.0,0.7068965517241379,0.5431034482758621,0.0,0.0,0.0,llm_humanized,dictated_spoken
559,97,4.65979381443299,4.0,0.01967799642218247,0.026833631484794274,0.0,0.8247422680412371,0.44329896907216493,0.010309278350515464,0.0,0.0,human_polished,llm_humanized
585,118,3.8220338983050848,4.0,0.02905982905982906,0.022222222222222223,0.0,0.6864406779661016,0.5169491525423728,0.00847457627118644,0.0,0.0,dictated_spoken,dictated_spoken
495,96,4.104166666666667,4.0,0.014141414141414142,0.020202020202020204,0.0,0.7083333333333334,0.53125,0.03125,0.0,0.0,keyboard_noisy,dictated_spoken
1141,214,4.116822429906542,10.0,0.03593339176161262,0.029798422436459245,0.026292725679228746,0.5186915887850467,0.5700934579439252,0.0,0.02336448598130841,0.0,human_original,human_original
687,122,4.516393442622951,5.0,0.024745269286754003,0.027656477438136828,0.023289665211062592,0.6557377049180327,0.5163934426229508,0.0,0.01639344262295082,0.0,llm_generated,human_original
613,125,3.792,5.0,0.026101141924959218,0.021207177814029365,0.01957585644371941,0.608,0.608,0.0,0.008,0.0,llm_humanized,dictated_spoken
926,171,4.292397660818714,8.0,0.02591792656587473,0.03023758099352052,0.02159827213822894,0.5614035087719298,0.543859649122807,0.0,0.017543859649122806,0.0,human_polished,human_original
827,171,3.736842105263158,7.0,0.02176541717049577,0.022974607013301087,0.019347037484885126,0.5789473684210527,0.6023391812865497,0.0,0.011695906432748537,0.0,dictated_spoken,dictated_spoken
1133,214,4.107476635514018,10.0,0.03618711385701677,0.03000882612533098,0.0264783759929391,0.5420560747663551,0.5654205607476636,0.0,0.02336448598130841,0.0,keyboard_noisy,human_original
373,69,4.27536231884058,3.0,0.024128686327077747,0.00804289544235925,0.0,0.7391304347826086,0.6376811594202898,0.014492753623188406,0.0,0.0,human_original,dictated_spoken
610,112,4.339285714285714,6.0,0.02622950819672131,0.009836065573770493,0.0,0.6339285714285714,0.5535714285714286,0.017857142857142856,0.0,0.0,llm_generated,dictated_spoken
542,113,3.7079646017699117,6.0,0.02029520295202952,0.01107011070110701,0.0,0.6017699115044248,0.6106194690265486,0.035398230088495575,0.0,0.0,llm_humanized,dictated_spoken
482,86,4.523255813953488,4.0,0.016597510373443983,0.008298755186721992,0.0,0.7325581395348837,0.5116279069767442,0.023255813953488372,0.0,0.0,human_polished,llm_humanized
437,83,4.168674698795181,4.0,0.020594965675057208,0.009153318077803204,0.0,0.6867469879518072,0.5180722891566265,0.04819277108433735,0.0,0.0,dictated_spoken,dictated_spoken
371,69,4.27536231884058,3.0,0.02425876010781671,0.008086253369272238,0.0,0.7536231884057971,0.5942028985507246,0.014492753623188406,0.014492753623188406,0.0,keyboard_noisy,dictated_spoken
1014,182,4.472527472527473,8.0,0.01972386587771203,0.02564102564102564,0.0,0.5824175824175825,0.521978021978022,0.005494505494505495,0.0,0.0,human_original,dictated_spoken
722,110,5.445454545454545,6.0,0.0221606648199446,0.024930747922437674,0.0,0.6727272727272727,0.36363636363636365,0.0,0.0,0.0,llm_generated,llm_generated
563,106,4.19811320754717,6.0,0.02486678507992895,0.02664298401420959,0.0,0.7169811320754716,0.4716981132075472,0.0,0.0,0.0,llm_humanized,keyboard_noisy
807,138,4.731884057971015,8.0,0.024783147459727387,0.028500619578686492,0.0,0.7101449275362319,0.45652173913043476,0.0,0.0,0.0,human_polished,human_polished
788,145,4.296551724137931,7.0,0.027918781725888325,0.027918781725888325,0.0,0.6551724137931034,0.5241379310344828,0.006896551724137931,0.0,0.0,dictated_spoken,dictated_spoken
1010,182,4.456043956043956,8.0,0.019801980198019802,0.02574257425742574,0.0,0.6263736263736264,0.4945054945054945,0.005494505494505495,0.005494505494505495,0.0,keyboard_noisy,dictated_spoken
1188,229,4.034934497816594,11.0,0.03198653198653199,0.016835016835016835,0.01936026936026936,0.5895196506550219,0.5982532751091703,0.008733624454148471,0.008733624454148471,0.0,human_original,dictated_spoken
842,139,4.9496402877697845,6.0,0.022565320665083134,0.013064133016627079,0.0,0.7050359712230215,0.4460431654676259,0.0,0.0,0.0,llm_generated,llm_generated
828,164,3.9634146341463414,7.0,0.020531400966183576,0.01570048309178744,0.0,0.6951219512195121,0.5975609756097561,0.0,0.0,0.0,llm_humanized,dictated_spoken
980,185,4.140540540540541,9.0,0.0326530612244898,0.0163265306122449,0.02142857142857143,0.6216216216216216,0.5135135135135135,0.005405405405405406,0.0,0.0,human_polished,dictated_spoken
1040,211,3.8056872037914693,9.0,0.026923076923076925,0.016346153846153847,0.0,0.5592417061611374,0.5924170616113744,0.009478672985781991,0.0,0.0,dictated_spoken,dictated_spoken
1182,229,4.026200873362446,11.0,0.032148900169204735,0.01692047377326565,0.0194585448392555,0.5938864628820961,0.5851528384279476,0.008733624454148471,0.008733624454148471,0.0,keyboard_noisy,dictated_spoken
639,116,4.370689655172414,6.0,0.03129890453834116,0.028169014084507043,0.004694835680751174,0.6724137931034483,0.49137931034482757,0.0,0.0,0.0,human_original,keyboard_noisy
828,132,5.159090909090909,6.0,0.020531400966183576,0.01570048309178744,0.0036231884057971015,0.7196969696969697,0.4696969696969697,0.007575757575757576,0.0,0.0,llm_generated,llm_generated
802,159,3.9622641509433962,6.0,0.0199501246882793,0.016209476309226933,0.003740648379052369,0.6792452830188679,0.5471698113207547,0.012578616352201259,0.0,0.0,llm_humanized,dictated_spoken
812,133,5.015037593984962,6.0,0.017241379310344827,0.01600985221674877,0.003694581280788177,0.7142857142857143,0.48120300751879697,0.007518796992481203,0.0,0.0,human_polished,llm_generated
706,139,3.9784172661870505,6.0,0.024079320113314446,0.018413597733711047,0.00424929178470255,0.6762589928057554,0.5611510791366906,0.014388489208633094,0.0,0.0,dictated_spoken,dictated_spoken
639,116,4.370689655172414,6.0,0.03129890453834116,0.028169014084507043,0.004694835680751174,0.6724137931034483,0.49137931034482757,0.0,0.0,0.0,keyboard_noisy,keyboard_noisy
706,134,4.156716417910448,6.0,0.0226628895184136,0.009915014164305949,0.0113314447592068,0.7313432835820896,0.5149253731343284,0.014925373134328358,0.014925373134328358,0.0,human_original,llm_humanized
561,96,4.78125,3.0,0.016042780748663103,0.0053475935828877,0.0,0.71875,0.4791666666666667,0.020833333333333332,0.0,0.0,llm_generated,llm_generated
476,94,3.9893617021276597,3.0,0.01680672268907563,0.0063025210084033615,0.0,0.7553191489361702,0.5531914893617021,0.010638297872340425,0.0,0.0,llm_humanized,llm_humanized
795,143,4.454545454545454,6.0,0.026415094339622643,0.012578616352201259,0.010062893081761006,0.7412587412587412,0.4825174825174825,0.02097902097902098,0.0,0.0,human_polished,llm_humanized
777,153,3.973856209150327,6.0,0.02445302445302445,0.015444015444015444,0.010296010296010296,0.7254901960784313,0.5359477124183006,0.026143790849673203,0.0,0.0,dictated_spoken,llm_humanized
702,134,4.134328358208955,6.0,0.022792022792022793,0.009971509971509971,0.009971509971509971,0.7388059701492538,0.5223880597014925,0.014925373134328358,0.007462686567164179,0.0,keyboard_noisy,llm_humanized
1351,246,4.3983739837398375,16.0,0.01924500370096225,0.010362694300518135,0.0,0.491869918699187,0.573170731707317,0.0,0.0,0.0,human_original,human_original
717,114,5.2105263157894735,5.0,0.01394700139470014,0.00697350069735007,0.0,0.6666666666666666,0.4298245614035088,0.0,0.0,0.0,llm_generated,llm_generated
548,101,4.356435643564357,5.0,0.014598540145985401,0.009124087591240875,0.0,0.7326732673267327,0.5247524752475248,0.0,0.0,0.0,llm_humanized,llm_humanized
902,150,4.92,7.0,0.017738359201773836,0.007760532150776054,0.0,0.6333333333333333,0.4666666666666667,0.0,0.0,0.0,human_polished,llm_generated
1003,187,4.25668449197861,9.0,0.02193419740777667,0.00897308075772682,0.0,0.6096256684491979,0.5187165775401069,0.0,0.0,0.0,dictated_spoken,dictated_spoken
1349,246,4.394308943089431,16.0,0.01927353595255745,0.010378057820607857,0.0,0.524390243902439,0.5650406504065041,0.0,0.0040650406504065045,0.0,keyboard_noisy,human_original
503,82,4.865853658536586,6.0,0.033797216699801194,0.027833001988071572,0.041749502982107355,0.7926829268292683,0.4146341463414634,0.024390243902439025,0.024390243902439025,0.0,human_original,llm_humanized
653,101,5.306930693069307,4.0,0.026033690658499236,0.009188361408882083,0.0,0.7128712871287128,0.44554455445544555,0.04950495049504951,0.0,0.0,llm_generated,llm_generated
497,82,4.939024390243903,4.0,0.022132796780684104,0.008048289738430584,0.0,0.7317073170731707,0.4878048780487805,0.06097560975609756,0.0,0.0,llm_humanized,llm_humanized
538,88,4.954545454545454,4.0,0.026022304832713755,0.01858736059479554,0.03717472118959108,0.75,0.42045454545454547,0.045454545454545456,0.022727272727272728,0.0,human_polished,llm_generated
585,106,4.40566037735849,3.0,0.022222222222222223,0.015384615384615385,0.013675213675213675,0.7075471698113207,0.5188679245283019,0.07547169811320754,0.018867924528301886,0.0,dictated_spoken,dictated_spoken
494,82,4.829268292682927,6.0,0.03441295546558704,0.02834008097165992,0.04251012145748988,0.8048780487804879,0.3780487804878049,0.024390243902439025,0.024390243902439025,0.0,keyboard_noisy,llm_humanized
1463,248,4.75,15.0,0.03007518796992481,0.0177717019822283,0.00888585099111415,0.6612903225806451,0.4838709677419355,0.004032258064516129,0.008064516129032258,0.0,human_original,keyboard_noisy
1172,159,6.226415094339623,7.0,0.02218430034129693,0.015358361774744027,0.008532423208191127,0.7484276729559748,0.3270440251572327,0.006289308176100629,0.012578616352201259,0.0,llm_generated,llm_generated
939,155,4.890322580645162,7.0,0.029818956336528223,0.01703940362087327,0.010649627263045794,0.7548387096774194,0.45806451612903226,0.012903225806451613,0.012903225806451613,0.0,llm_humanized,llm_generated
1054,149,5.906040268456376,7.0,0.024667931688804556,0.015180265654648957,0.011385199240986717,0.7718120805369127,0.3422818791946309,0.013422818791946308,0.013422818791946308,0.0,human_polished,llm_generated
1163,203,4.596059113300493,8.0,0.024935511607910577,0.01633705932932072,0.010318142734307825,0.6896551724137931,0.458128078817734,0.014778325123152709,0.009852216748768473,0.0,dictated_spoken,keyboard_noisy
1460,248,4.741935483870968,15.0,0.030136986301369864,0.01780821917808219,0.008904109589041096,0.6854838709677419,0.46774193548387094,0.004032258064516129,0.008064516129032258,0.0,keyboard_noisy,keyboard_noisy
888,173,3.947976878612717,15.0,0.03490990990990991,0.021396396396396396,0.010135135135135136,0.5895953757225434,0.5895953757225434,0.005780346820809248,0.0,0.0,human_original,human_original
567,91,5.153846153846154,5.0,0.015873015873015872,0.008818342151675485,0.0,0.7692307692307693,0.4725274725274725,0.0,0.0,0.0,llm_generated,llm_generated
556,103,4.310679611650485,5.0,0.017985611510791366,0.008992805755395683,0.0,0.7766990291262136,0.5242718446601942,0.0,0.0,0.0,llm_humanized,llm_humanized
872,162,4.216049382716049,11.0,0.0389908256880734,0.011467889908256881,0.010321100917431193,0.6481481481481481,0.5123456790123457,0.0,0.0,0.0,human_polished,human_original
1002,202,3.8217821782178216,11.0,0.029940119760479042,0.013972055888223553,0.003992015968063872,0.5891089108910891,0.5594059405940595,0.0297029702970297,0.0,0.0,dictated_spoken,dictated_spoken
886,173,3.9364161849710984,15.0,0.034988713318284424,0.02144469525959368,0.009029345372460496,0.6184971098265896,0.5606936416184971,0.011560693641618497,0.011560693641618497,0.0,keyboard_noisy,human_original
611,116,4.129310344827586,6.0,0.03273322422258593,0.011456628477905073,0.02127659574468085,0.7586206896551724,0.5086206896551724,0.008620689655172414,0.02586206896551724,0.0,human_original,llm_humanized
707,121,4.694214876033058,5.0,0.0297029702970297,0.007072135785007072,0.03536067892503536,0.7272727272727273,0.47107438016528924,0.0,0.0,0.0,llm_generated,human_polished
579,109,4.18348623853211,4.0,0.02072538860103627,0.0051813471502590676,0.022452504317789293,0.7798165137614679,0.5229357798165137,0.0,0.03669724770642202,0.0,llm_humanized,llm_humanized
639,119,4.260504201680672,5.0,0.03129890453834116,0.009389671361502348,0.03912363067292645,0.7478991596638656,0.4789915966386555,0.008403361344537815,0.0,0.0,human_polished,llm_humanized
641,122,4.139344262295082,4.0,0.0249609984399376,0.0109204368174727,0.0,0.6967213114754098,0.5491803278688525,0.03278688524590164,0.0,0.0,dictated_spoken,dictated_spoken
610,116,4.120689655172414,6.0,0.03278688524590164,0.011475409836065573,0.021311475409836064,0.7672413793103449,0.49137931034482757,0.008620689655172414,0.02586206896551724,0.0,keyboard_noisy,llm_humanized
593,113,4.15929203539823,11.0,0.02866779089376054,0.016863406408094434,0.006745362563237774,0.6460176991150443,0.49557522123893805,0.017699115044247787,0.0,0.0,human_original,human_original
828,138,4.840579710144928,6.0,0.028985507246376812,0.007246376811594203,0.0,0.6594202898550725,0.5,0.014492753623188406,0.0,0.0,llm_generated,llm_generated
736,136,4.294117647058823,6.0,0.02309782608695652,0.012228260869565218,0.0,0.6911764705882353,0.5220588235294118,0.029411764705882353,0.0,0.0,llm_humanized,dictated_spoken
611,113,4.292035398230088,9.0,0.024549918166939442,0.014729950900163666,0.006546644844517185,0.672566371681416,0.46017699115044247,0.017699115044247787,0.0,0.0,human_polished,keyboard_noisy
580,112,4.017857142857143,8.0,0.034482758620689655,0.013793103448275862,0.0,0.7142857142857143,0.5714285714285714,0.044642857142857144,0.0,0.0,dictated_spoken,dictated_spoken
592,113,4.150442477876106,11.0,0.028716216216216218,0.016891891891891893,0.006756756756756757,0.6991150442477876,0.48672566371681414,0.017699115044247787,0.008849557522123894,0.0,keyboard_noisy,keyboard_noisy
421,74,4.513513513513513,9.0,0.028503562945368172,0.026128266033254157,0.0,0.7297297297297297,0.5,0.0,0.0,0.0,human_original,human_original
565,85,5.5058823529411764,4.0,0.023008849557522124,0.007079646017699115,0.0,0.8117647058823529,0.47058823529411764,0.0,0.0,0.0,llm_generated,llm_generated
515,93,4.451612903225806,4.0,0.017475728155339806,0.007766990291262136,0.0,0.6881720430107527,0.5053763440860215,0.03225806451612903,0.0,0.0,llm_humanized,dictated_spoken
486,77,5.12987012987013,7.0,0.030864197530864196,0.01646090534979424,0.0,0.8051948051948052,0.4675324675324675,0.0,0.0,0.0,human_polished,human_polished
480,86,4.441860465116279,6.0,0.027083333333333334,0.014583333333333334,0.0,0.8372093023255814,0.5581395348837209,0.011627906976744186,0.0,0.0,dictated_spoken,llm_humanized
415,74,4.472972972972973,9.0,0.02891566265060241,0.02650602409638554,0.0,0.7702702702702703,0.4594594594594595,0.0,0.0,0.0,keyboard_noisy,keyboard_noisy
566,106,4.245283018867925,8.0,0.022968197879858657,0.015901060070671377,0.0017667844522968198,0.7452830188679245,0.5754716981132075,0.0,0.0,0.0,human_original,llm_humanized
767,122,5.122950819672131,7.0,0.028683181225554105,0.009126466753585397,0.0,0.7540983606557377,0.4426229508196721,0.0,0.0,0.0,llm_generated,llm_generated
671,126,4.198412698412699,6.0,0.029806259314456036,0.00894187779433681,0.0,0.7222222222222222,0.5396825396825397,0.015873015873015872,0.0,0.0,llm_humanized,llm_humanized
748,121,5.033057851239669,8.0,0.02540106951871658,0.012032085561497326,0.0,0.7520661157024794,0.49586776859504134,0.0,0.0,0.0,human_polished,llm_generated
701,140,3.914285714285714,7.0,0.019971469329529243,0.011412268188302425,0.0,0.6857142857142857,0.5928571428571429,0.007142857142857143,0.0,0.0,dictated_spoken,dictated_spoken
561,106,4.235849056603773,8.0,0.023172905525846704,0.016042780748663103,0.0017825311942959,0.7452830188679245,0.5754716981132075,0.0,0.0,0.0,keyboard_noisy,llm_humanized
334,61,4.426229508196721,1.0,0.011976047904191617,0.020958083832335328,0.0,0.7704918032786885,0.5409836065573771,0.01639344262295082,0.0,0.0,human_original,llm_humanized
759,114,5.5,6.0,0.023715415019762844,0.00922266139657444,0.003952569169960474,0.7280701754385965,0.42105263157894735,0.0,0.0,0.0,llm_generated,llm_generated
602,115,4.139130434782609,5.0,0.019933554817275746,0.009966777408637873,0.0,0.7217391304347827,0.4782608695652174,0.017391304347826087,0.0,0.0,llm_humanized,dictated_spoken
562,95,4.768421052631579,8.0,0.026690391459074734,0.01601423487544484,0.005338078291814947,0.7578947368421053,0.5052631578947369,0.0,0.0,0.0,human_polished,human_polished
438,83,4.132530120481928,6.0,0.03424657534246575,0.01598173515981735,0.0,0.7951807228915663,0.5421686746987951,0.012048192771084338,0.0,0.0,dictated_spoken,llm_humanized
334,61,4.426229508196721,1.0,0.011976047904191617,0.020958083832335328,0.0,0.8032786885245902,0.47540983606557374,0.01639344262295082,0.0,0.0,keyboard_noisy,llm_humanized
965,157,5.025477707006369,11.0,0.02072538860103627,0.021761658031088083,0.0,0.6305732484076433,0.42038216560509556,0.006369426751592357,0.0,0.0,human_original,llm_generated
728,112,5.401785714285714,5.0,0.017857142857142856,0.009615384615384616,0.0,0.7232142857142857,0.5089285714285714,0.0,0.0,0.0,llm_generated,llm_generated
644,115,4.495652173913044,5.0,0.021739130434782608,0.010869565217391304,0.0,0.7391304347826086,0.4956521739130435,0.02608695652173913,0.0,0.0,llm_humanized,llm_humanized
833,123,5.5772357723577235,10.0,0.028811524609843937,0.02040816326530612,0.0,0.6991869918699187,0.4065040650406504,0.0,0.0,0.0,human_polished,llm_generated
714,127,4.519685039370079,5.0,0.02100840336134454,0.008403361344537815,0.0,0.6614173228346457,0.49606299212598426,0.015748031496062992,0.0,0.0,dictated_spoken,llm_humanized
962,157,5.006369426751593,11.0,0.02079002079002079,0.02182952182952183,0.0,0.6687898089171974,0.4140127388535032,0.006369426751592357,0.0,0.0,keyboard_noisy,llm_generated
731,142,3.9577464788732395,15.0,0.04240766073871409,0.025991792065663474,0.01094391244870041,0.6549295774647887,0.5140845070422535,0.007042253521126761,0.0,0.0,human_original,human_original
525,94,4.404255319148936,5.0,0.03428571428571429,0.015238095238095238,0.007619047619047619,0.7340425531914894,0.5106382978723404,0.02127659574468085,0.0,0.0,llm_generated,llm_humanized
520,108,3.6666666666666665,5.0,0.032692307692307694,0.015384615384615385,0.0038461538461538464,0.7407407407407407,0.5925925925925926,0.018518518518518517,0.0,0.0,llm_humanized,dictated_spoken
605,117,3.9743589743589745,7.0,0.04132231404958678,0.021487603305785124,0.013223140495867768,0.717948717948718,0.5470085470085471,0.0,0.0,0.0,human_polished,dictated_spoken
501,106,3.7358490566037736,1.0,0.007984031936127744,0.013972055888223553,0.003992015968063872,0.7075471698113207,0.6415094339622641,0.009433962264150943,0.0,0.0,dictated_spoken,dictated_spoken
728,142,3.9507042253521125,15.0,0.042582417582417584,0.0260989010989011,0.01098901098901099,0.6690140845070423,0.49295774647887325,0.007042253521126761,0.0,0.0,keyboard_noisy,keyboard_noisy
624,117,4.196581196581197,5.0,0.020833333333333332,0.011217948717948718,0.008012820512820512,0.7264957264957265,0.5384615384615384,0.008547008547008548,0.017094017094017096,0.0,human_original,llm_humanized
759,114,5.535087719298246,4.0,0.021080368906455864,0.00922266139657444,0.0,0.7807017543859649,0.4473684210526316,0.008771929824561403,0.0,0.0,llm_generated,llm_generated
547,98,4.489795918367347,5.0,0.018281535648994516,0.014625228519195612,0.0,0.7448979591836735,0.5,0.01020408163265306,0.0,0.0,llm_humanized,llm_humanized
547,93,4.78494623655914,4.0,0.025594149908592323,0.014625228519195612,0.0,0.7634408602150538,0.4946236559139785,0.0,0.0,0.0,human_polished,llm_generated
472,97,3.7938144329896906,4.0,0.029661016949152543,0.014830508474576272,0.0,0.7731958762886598,0.5360824742268041,0.0,0.0,0.0,dictated_spoken,llm_humanized
616,117,4.196581196581197,5.0,0.021103896103896104,0.011363636363636364,0.008116883116883116,0.7264957264957265,0.5384615384615384,0.008547008547008548,0.017094017094017096,0.0,keyboard_noisy,llm_humanized
987,165,4.842424242424243,17.0,0.0243161094224924,0.040526849037487336,0.0,0.5757575757575758,0.47878787878787876,0.006060606060606061,0.01818181818181818,0.0,human_original,keyboard_noisy
828,137,4.956204379562044,6.0,0.016908212560386472,0.030193236714975844,0.0,0.7007299270072993,0.5474452554744526,0.0,0.021897810218978103,0.0,llm_generated,keyboard_noisy
745,139,4.258992805755396,7.0,0.020134228187919462,0.040268456375838924,0.0,0.7266187050359713,0.5179856115107914,0.007194244604316547,0.02158273381294964,0.0,llm_humanized,keyboard_noisy
875,146,4.876712328767123,12.0,0.022857142857142857,0.032,0.0,0.6506849315068494,0.4657534246575342,0.0,0.0136986301369863,0.0,human_polished,keyboard_noisy
935,173,4.271676300578035,10.0,0.025668449197860963,0.027807486631016044,0.0,0.630057803468208,0.5433526011560693,0.023121387283236993,0.011560693641618497,0.0,dictated_spoken,keyboard_noisy
983,165,4.824242424242424,17.0,0.024415055951169887,0.04069175991861648,0.0,0.6181818181818182,0.4666666666666667,0.006060606060606061,0.030303030303030304,0.0,keyboard_noisy,keyboard_noisy
487,76,5.078947368421052,14.0,0.08008213552361396,0.030800821355236138,0.0,0.8421052631578947,0.40789473684210525,0.013157894736842105,0.0,0.0,human_original,human_polished
582,96,4.9375,3.0,0.02577319587628866,0.005154639175257732,0.0,0.7395833333333334,0.5,0.020833333333333332,0.0,0.0,llm_generated,llm_generated
542,98,4.438775510204081,4.0,0.023985239852398525,0.007380073800738007,0.0,0.7653061224489796,0.4897959183673469,0.05102040816326531,0.0,0.0,llm_humanized,llm_humanized
615,101,4.910891089108911,8.0,0.030894308943089432,0.01788617886178862,0.0,0.7623762376237624,0.42574257425742573,0.0,0.0,0.0,human_polished,human_polished
572,104,4.394230769230769,6.0,0.022727272727272728,0.015734265734265736,0.0,0.75,0.5192307692307693,0.009615384615384616,0.0,0.0,dictated_spoken,llm_humanized
485,76,5.078947368421052,14.0,0.07835051546391752,0.030927835051546393,0.0,0.8421052631578947,0.40789473684210525,0.013157894736842105,0.0,0.0,keyboard_noisy,human_polished
488,91,4.351648351648351,11.0,0.022540983606557378,0.022540983606557378,0.0,0.6703296703296703,0.5164835164835165,0.01098901098901099,0.0,0.0,human_original,human_original
692,116,4.844827586206897,6.0,0.024566473988439308,0.008670520231213872,0.0,0.75,0.43103448275862066,0.008620689655172414,0.0,0.0,llm_generated,llm_generated
590,108,4.333333333333333,6.0,0.025423728813559324,0.010169491525423728,0.0,0.7962962962962963,0.5277777777777778,0.018518518518518517,0.0,0.0,llm_humanized,llm_humanized
654,120,4.35,8.0,0.022935779816513763,0.012232415902140673,0.0,0.6833333333333333,0.5416666666666666,0.016666666666666666,0.0,0.0,human_polished,human_original
667,132,3.9318181818181817,8.0,0.025487256371814093,0.01199400299850075,0.0,0.7045454545454546,0.5757575757575758,0.015151515151515152,0.0,0.0,dictated_spoken,dictated_spoken
488,91,4.351648351648351,11.0,0.022540983606557378,0.022540983606557378,0.0,0.6703296703296703,0.5164835164835165,0.01098901098901099,0.0,0.0,keyboard_noisy,human_original
380,67,4.552238805970149,5.0,0.031578947368421054,0.034210526315789476,0.0,0.8208955223880597,0.5074626865671642,0.014925373134328358,0.0,0.0,human_original,llm_humanized
871,137,5.211678832116788,5.0,0.02525832376578645,0.0057405281285878304,0.0,0.7153284671532847,0.4744525547445255,0.021897810218978103,0.0,0.0,llm_generated,llm_generated
703,128,4.375,5.0,0.02844950213371266,0.007112375533428165,0.0,0.7109375,0.5078125,0.03125,0.0,0.0,llm_humanized,dictated_spoken
410,68,4.867647058823529,7.0,0.02926829268292683,0.03170731707317073,0.0,0.7794117647058824,0.4852941176470588,0.0,0.0,0.0,human_polished,human_polished
361,70,4.0,6.0,0.0332409972299169,0.030470914127423823,0.0,0.7714285714285715,0.5285714285714286,0.0,0.0,0.0,dictated_spoken,llm_humanized
379,67,4.537313432835821,5.0,0.0316622691292876,0.03430079155672823,0.0,0.8208955223880597,0.4925373134328358,0.014925373134328358,0.0,0.0,keyboard_noisy,llm_humanized
685,126,4.333333333333333,11.0,0.024817518248175182,0.00583941605839416,0.0,0.7301587301587301,0.5555555555555556,0.015873015873015872,0.0,0.0,human_original,llm_humanized
647,101,5.297029702970297,5.0,0.01854714064914992,0.0077279752704791345,0.0,0.6831683168316832,0.48514851485148514,0.0,0.0,0.0,llm_generated,llm_generated
562,106,4.2075471698113205,5.0,0.019572953736654804,0.008896797153024912,0.0,0.6886792452830188,0.5660377358490566,0.0,0.0,0.0,llm_humanized,dictated_spoken
784,126,5.063492063492063,10.0,0.026785714285714284,0.017857142857142856,0.0,0.7063492063492064,0.48412698412698413,0.007936507936507936,0.0,0.0,human_polished,human_polished
722,131,4.366412213740458,9.0,0.027700831024930747,0.018005540166204988,0.0,0.7557251908396947,0.4961832061068702,0.022900763358778626,0.0,0.0,dictated_spoken,llm_humanized
683,126,4.317460317460317,11.0,0.024890190336749635,0.005856515373352855,0.0,0.7301587301587301,0.5476190476190477,0.015873015873015872,0.0,0.0,keyboard_noisy,llm_humanized
424,77,4.3896103896103895,9.0,0.025943396226415096,0.04245283018867924,0.007075471698113208,0.8051948051948052,0.44155844155844154,0.0,0.0,0.0,human_original,keyboard_noisy
750,116,5.310344827586207,7.0,0.029333333333333333,0.010666666666666666,0.0026666666666666666,0.8448275862068966,0.39655172413793105,0.017241379310344827,0.0,0.0,llm_generated,llm_generated
672,130,4.061538461538461,6.0,0.022321428571428572,0.010416666666666666,0.002976190476190476,0.7461538461538462,0.49230769230769234,0.015384615384615385,0.0,0.0,llm_humanized,llm_humanized
568,102,4.411764705882353,10.0,0.03169014084507042,0.02992957746478873,0.0035211267605633804,0.7450980392156863,0.46078431372549017,0.0,0.0,0.0,human_polished,keyboard_noisy
498,95,4.073684210526316,8.0,0.03614457831325301,0.02208835341365462,0.0,0.7368421052631579,0.5052631578947369,0.0,0.0,0.0,dictated_spoken,llm_humanized
424,77,4.3896103896103895,9.0,0.025943396226415096,0.04245283018867924,0.007075471698113208,0.8181818181818182,0.42857142857142855,0.0,0.0,0.0,keyboard_noisy,llm_humanized
367,64,4.609375,7.0,0.01907356948228883,0.035422343324250684,0.0,0.75,0.484375,0.0,0.0,0.0,human_original,keyboard_noisy
501,74,5.662162162162162,4.0,0.017964071856287425,0.00998003992015968,0.0,0.8108108108108109,0.47297297297297297,0.0,0.0,0.0,llm_generated,llm_generated
441,73,4.958904109589041,4.0,0.015873015873015872,0.011337868480725623,0.0,0.863013698630137,0.3835616438356164,0.0,0.0,0.0,llm_humanized,llm_humanized
383,63,4.920634920634921,7.0,0.02349869451697128,0.028720626631853787,0.0,0.7301587301587301,0.49206349206349204,0.0,0.0,0.0,human_polished,human_polished
402,72,4.583333333333333,1.0,0.0024875621890547263,0.007462686567164179,0.0,0.8194444444444444,0.4583333333333333,0.027777777777777776,0.0,0.0,dictated_spoken,llm_humanized
367,64,4.609375,7.0,0.01907356948228883,0.035422343324250684,0.0,0.75,0.484375,0.0,0.0,0.0,keyboard_noisy,keyboard_noisy
818,134,4.917910447761194,11.0,0.03178484107579462,0.042787286063569685,0.0,0.6716417910447762,0.5149253731343284,0.007462686567164179,0.007462686567164179,0.0,human_original,human_original
699,112,5.107142857142857,9.0,0.024320457796852647,0.012875536480686695,0.001430615164520744,0.7857142857142857,0.48214285714285715,0.008928571428571428,0.0,0.0,llm_generated,llm_generated
621,116,4.206896551724138,9.0,0.028985507246376812,0.014492753623188406,0.0,0.7844827586206896,0.5431034482758621,0.008620689655172414,0.0,0.0,llm_humanized,llm_humanized
764,122,5.10655737704918,9.0,0.028795811518324606,0.02617801047120419,0.0,0.7540983606557377,0.4098360655737705,0.00819672131147541,0.00819672131147541,0.0,human_polished,keyboard_noisy
748,145,4.165517241379311,1.0,0.0,0.004010695187165776,0.0,0.696551724137931,0.5241379310344828,0.0,0.0,0.0,dictated_spoken,llm_humanized
815,134,4.895522388059701,11.0,0.03190184049079755,0.04294478527607362,0.0,0.7014925373134329,0.5149253731343284,0.007462686567164179,0.007462686567164179,0.0,keyboard_noisy,human_original
1393,253,4.407114624505929,21.0,0.020100502512562814,0.01866475233309404,0.0,0.6126482213438735,0.549407114624506,0.011857707509881422,0.0,0.0,human_original,human_original
923,144,5.305555555555555,8.0,0.021668472372697724,0.00866738894907909,0.0021668472372697724,0.7361111111111112,0.4097222222222222,0.013888888888888888,0.0,0.0,llm_generated,llm_generated
728,141,4.0638297872340425,7.0,0.024725274725274724,0.009615384615384616,0.0027472527472527475,0.6808510638297872,0.5460992907801419,0.028368794326241134,0.0,0.0,llm_humanized,dictated_spoken
912,157,4.687898089171974,10.0,0.025219298245614034,0.01425438596491228,0.0,0.7006369426751592,0.4840764331210191,0.01910828025477707,0.0,0.0,human_polished,keyboard_noisy
863,165,4.236363636363636,1.0,0.0,0.006952491309385863,0.0,0.6545454545454545,0.5212121212121212,0.030303030303030304,0.0,0.0,dictated_spoken,dictated_spoken
1391,253,4.403162055335969,21.0,0.020129403306973402,0.018691588785046728,0.0,0.6284584980237155,0.5335968379446641,0.011857707509881422,0.0,0.0,keyboard_noisy,keyboard_noisy
446,86,4.174418604651163,7.0,0.04484304932735426,0.06726457399103139,0.0,0.7441860465116279,0.5348837209302325,0.011627906976744186,0.0,0.0,human_original,dictated_spoken
580,95,4.957894736842105,5.0,0.02586206896551724,0.008620689655172414,0.0,0.7578947368421053,0.49473684210526314,0.010526315789473684,0.0,0.0,llm_generated,llm_generated
495,92,4.260869565217392,5.0,0.024242424242424242,0.010101010101010102,0.0,0.8043478260869565,0.5217391304347826,0.010869565217391304,0.0,0.0,llm_humanized,llm_humanized
536,94,4.585106382978723,7.0,0.022388059701492536,0.022388059701492536,0.0,0.7872340425531915,0.5531914893617021,0.02127659574468085,0.0,0.0,human_polished,llm_humanized
511,96,4.208333333333333,6.0,0.025440313111545987,0.0136986301369863,0.0,0.7916666666666666,0.53125,0.020833333333333332,0.0,0.0,dictated_spoken,llm_humanized
445,86,4.162790697674419,7.0,0.0449438202247191,0.06741573033707865,0.0,0.7558139534883721,0.5348837209302325,0.011627906976744186,0.0,0.0,keyboard_noisy,dictated_spoken
1114,184,4.880434782608695,16.0,0.03141831238779174,0.026032315978456014,0.003590664272890485,0.6630434782608695,0.43478260869565216,0.005434782608695652,0.0,0.0,human_original,keyboard_noisy
1008,154,5.35064935064935,7.0,0.034722222222222224,0.013888888888888888,0.003968253968253968,0.7597402597402597,0.36363636363636365,0.025974025974025976,0.0,0.0,llm_generated,llm_generated
881,156,4.512820512820513,7.0,0.026106696935300794,0.01362088535754824,0.0,0.6987179487179487,0.47435897435897434,0.02564102564102564,0.0,0.0,llm_humanized,dictated_spoken
984,157,5.070063694267516,13.0,0.03556910569105691,0.023373983739837397,0.0040650406504065045,0.7579617834394905,0.4267515923566879,0.006369426751592357,0.0,0.0,human_polished,human_polished
917,167,4.365269461077844,8.0,0.026172300981461286,0.017448200654307525,0.0,0.7245508982035929,0.5329341317365269,0.017964071856287425,0.0,0.0,dictated_spoken,dictated_spoken
1108,184,4.858695652173913,16.0,0.0315884476534296,0.026173285198555957,0.0036101083032490976,0.6793478260869565,0.42934782608695654,0.005434782608695652,0.0,0.0,keyboard_noisy,keyboard_noisy
404,67,4.91044776119403,6.0,0.01485148514851485,0.0297029702970297,0.0,0.7761194029850746,0.4925373134328358,0.0,0.0,0.0,human_original,human_polished
592,95,5.11578947368421,5.0,0.02027027027027027,0.013513513513513514,0.005067567567567568,0.8,0.4842105263157895,0.010526315789473684,0.0,0.0,llm_generated,llm_generated
488,88,4.454545454545454,5.0,0.018442622950819672,0.014344262295081968,0.0020491803278688526,0.8295454545454546,0.48863636363636365,0.011363636363636364,0.0,0.0,llm_humanized,llm_humanized
427,69,5.028985507246377,6.0,0.0234192037470726,0.02576112412177986,0.0,0.7971014492753623,0.5072463768115942,0.014492753623188406,0.0,0.0,human_polished,human_polished
395,77,4.12987012987013,1.0,0.002531645569620253,0.017721518987341773,0.0,0.8441558441558441,0.5194805194805194,0.025974025974025976,0.0,0.0,dictated_spoken,llm_humanized
403,67,4.91044776119403,6.0,0.01488833746898263,0.02977667493796526,0.0,0.7761194029850746,0.4925373134328358,0.0,0.0,0.0,keyboard_noisy,human_polished
754,127,4.881889763779528,15.0,0.027851458885941646,0.03580901856763926,0.0,0.6771653543307087,0.4015748031496063,0.007874015748031496,0.0,0.0,human_original,keyboard_noisy
792,121,5.404958677685951,6.0,0.022727272727272728,0.007575757575757576,0.0,0.7520661157024794,0.4380165289256198,0.01652892561983471,0.0,0.0,llm_generated,llm_generated
660,121,4.338842975206612,6.0,0.024242424242424242,0.010606060606060607,0.0,0.743801652892562,0.5206611570247934,0.024793388429752067,0.0,0.0,llm_humanized,llm_humanized
828,125,5.456,10.0,0.027777777777777776,0.025362318840579712,0.0,0.776,0.384,0.0,0.0,0.0,human_polished,llm_generated
642,123,4.227642276422764,1.0,0.0,0.00778816199376947,0.0,0.7317073170731707,0.5365853658536586,0.0,0.0,0.0,dictated_spoken,llm_humanized
754,127,4.881889763779528,15.0,0.027851458885941646,0.03580901856763926,0.0,0.6850393700787402,0.3937007874015748,0.007874015748031496,0.0,0.0,keyboard_noisy,keyboard_noisy
